{"NDCG@5": 0.69056, "P5": 0.39483999999999997, "NDCG@10": 0.7070000000000001, "P10": 0.37032, "NDCG@20": 0.77206, "P20": 0.35168, "NDCG@30": 0.87248, "P30": 0.34162, "recall": 0.0, "MAP": 0.43216}