{"NDCG@5": 0.68606, "P5": 0.38882, "NDCG@10": 0.71364, "P10": 0.38180000000000003, "NDCG@20": 0.77608, "P20": 0.35175999999999996, "NDCG@30": 0.8744, "P30": 0.34162, "recall": 0.43766, "MAP": 0.43776000000000004}